
Student Name, Email, Contact Number,Address
Ashish Rathore ,Ashish@gmail.com ,7073741332 , 98 Connecticut Ave Nw
Chetan makadiya ,Chetan564@yahoo.com ,7877874787 ,56 E Morehead St
Daksh patel,Devil980@gmail.com ,9365897089 ,73 State Road 434 E
Dhey,Friend124@gmail.com,8372474629,St 21
Karan,Karan173@gmail.com,9483627563,Gandhinagar
Meet ,Meet3020@gmail.com ,8492738593 ,69734 E Carrillo St
Kunal Mehra ,Mehra#45@yahoo.com , 9654788524 ,6649 N Blue Gum St
Art Venere ,art@venere.org	,856-636-8749 ,4 B Blue Ridge Blvd
Donette Foller ,donette.foller@cox.net ,513-570-1893 ,8 W Cerritos Ave #54
James Butt ,jbutt45@gmail.com ,504-621-8927 ,639 Main St
Leota Dilliard ,leota@hotmail.com ,408-752-3557,3 Mcauley Dr
Mitsue Tollner ,mitsue_toll@yahoo.com ,773-573-6914 , 1060 MacAurther St
Sagz Wieser ,sage_wieser@cox.net ,605-414-2147 ,7 W Jackson Blvd
Simona Morasca ,simona@morasca.com ,419-503-2484 ,5 Boston Ave #88